Title,Translated Title,Author,Published,Content
"Parar a Putin, reconstruir Ucrania","Stop to Putin, rebuild Ukraine",Unknown Author,Unknown Time,"Donald Trump ha fracasado en sus esfuerzos por apaciguar a Vladímir Putin con la nueva y arriesgada operación de suspender los suministros de armas a Ucrania bajo la excusa de reevaluar la ayuda militar exterior,suspensión corregida a estas horas. Son explícitas las divisiones en Washington respecto a la guerra, con el Pentágonopropenso a restringir el apoyo material a Kievmientras el Departamento de Estado juega todavía a la equidistancia. Es hora de que la Casa Blanca ponga punto final a su ambigüedad, porque Putin, a diferencia de Zelenski, no quiere un alto el fuego ni unas negociaciones de paz sino imponer sus condiciones.

Tales vacilaciones las aprovecha Rusia, que ha iniciado esta semana una nueva escalada aérea, con el mayor ataque con drones desde que empezó la contienda.La noche del miércoles cayeron más de 700 artefactos no tripulados y 13 misiles balísticos, en una ofensiva dirigida a las oficinas de reclutamiento y a intimidar a la población civil. Esa es la auténtica respuesta de Putin a la propuesta negociadora y a las conversaciones telefónicas con Trump. Además, los lentos pero persistentes avances rusos en el frente terrestre y la acumulación de tropas en las fronteras son señal de que prepara una ofensiva de verano.

Los países de la Unión Europea ya son, en su conjunto, los que soportan la mayor carga en la ayuda armamentística y financiera a Kiev, muy por encima de Estados Unidos. El compromiso de sus instituciones es claro, y así quedó demostrado ayer en Roma durante la Cuarta Conferencia para la Reconstrucción de Ucrania, en la que la presidenta de la Comisión, Ursula van der Leyen,anunció la creación de un fondo comunitario específico destinado a tal fin con participación del Banco Europeo de Inversiones. Este fondo contará con un capital inicial de 220 millones con el que aspira a movilizar 500 millones de euros del sector privado hasta 2026. Además, la UE ha fijado la expectativa de adhesión de Kiev como socio de pleno derecho para 2030.

Estados Unidos sigue siendo imprescindible para frenar los propósitos expansionistas del Kremlin, especialmente desde el punto de vista de la defensa aérea y el suministro de la inteligencia militar. La negociación de paz que tanto dice anhelar Trump no podrá llevarse a cabo si antes no se estabiliza el frente y se asegura la protección de Ucrania de los misiles rusos. Urge el suministro de sistemas de defensa antiaérea, especialmente los misiles estadounidenses Patriot, como los que Berlín quiere comprar a Washington para cederlos inmediatamente a Kiev. Hay además que incrementar la presión de las sanciones comerciales, todavía laxas y poco eficaces, en un momento de crecientes dificultades económicas para Moscú.

Una vez Trump ha obtenidosatisfacción por parte de los socios de la OTANrespecto a sus exigencias de mayor compromiso presupuestario, tiene todo el sentido el llamamiento del canciller alemán, Friedrich Merz, para que el presidente estadounidense despeje cualquier duda y permanezca al lado de los aliados frente a Putin. Están en juego la soberanía de Ucrania y la capacidad europea para enfrentarse al peligro estratégico que representa Rusia, pero la autoridad de Estados Unidos quedaría irreversiblemente dañada ante sus aliados si, tal y como ha amagado con hacer varias veces, Trump se desentiende del futuro de los ucranios."
Los derechos de la mente,The rights of the mind,Unknown Author,Unknown Time,"Cantabria se convertirá el año que vieneen la primera región europea que protege los neuroderechos y los datos obtenidos del cerebro de los ciudadanos. Los neuroderechos son un concepto reciente desarrollado en respuesta al avance de las tecnologías para registrar la actividad cerebral, es decir, para leer la mente. Como consecuencia del activismo de algunos de los neurocientíficos más destacados del mundo —como Rafael Yuste, de la Universidad de Columbia— Chile, el Estado brasileño de Río Grande do Sul y tres estados estadounidenses (Colorado, California y Montana) ya han legislado en el mismo sentido. La ley de salud digital llegará al parlamento cántabro en otoño y tiene la vocación de convertirse en una referencia para el resto de España.

El objetivo científico de las técnicas para leer la mente es virtuoso. Su finalidad principal es ayudar a las personas que han perdido la movilidad o el habla por accidente o enfermedad, y también a los pacientes que tienen que someterse a alguna cirugía cerebral por tumor, lesión o epilepsia.La empresa menos conocida de Elon Musk, Neuralink, lleva años desarrollando chips para implantar en el cerebro con esos propósitos, y hay otros gigantes económicos que se han subido al tren con cascos de electroencefalografía, dispositivos magnéticos y ópticos o nanopartículas, todo ello asociado a sistemas de computación avanzada e inteligencia artificial para descifrar las señales que emergen de la mente de los individuos. Son avances importantes para la medicina.

Pero las empresas tecnológicas no suelen meterse en una línea de investigación por mero altruismo. Musk y sus competidores están pensando en cosas como manejar el teléfono con la mente, consultar a Google o a ChatGPT con solo pensar en la pregunta y otras formas de rentabilizar sus inversiones mediante la electrónica de consumo masivo, que es lo que han hecho siempre. A diferencia de lo que ocurre con el estudio del cerebro en la práctica médica, donde los datos están protegidos en todas las legislaciones, los usos comerciales de las mismas técnicas disfrutan de un vacío legal que preocupa mucho a los científicos que conocen el tema por dentro. Las 30 principales empresas de neurotecnología se apropian de esos datos para venderlos a terceras partes. Lo que estas quieran hacer con ellos después de comprarlos no tiene más límite que la imaginación empresarial.

Nada de esto es ciencia ficción. Los sistemas para interpretar lo que una persona tiene intención de decir, o lo que está pensando en secreto, ya existen, aunque solo a nivel experimental. Convertirlos en productos comerciales para leer el pensamiento no solo es factible, sino que está a la vuelta de la esquina. Sería verdaderamente notable que, siquiera por una vez, el legislador fuera por delante de los avances tecnológicos. El ejemplo de Cantabria debería cundir entre los políticos del resto de España y de Europa."
Reglas para que los periodistas puedan incomodar,Rules for journalists to bother,Anabel Díez,Unknown Time,"¿Qué pasa con los periodistas del Congreso? ¿Qué follones se producen en la sala de prensa, en los pasillos y en el patio? ¿De verdad que los periodistas quieren quitar la credencial a otros periodistas? ¿Cómo es posible que algunas personas tengan tales credenciales y puedan entrar en la Cámara Baja? Estas preguntas se han instalado en la opinión pública, en tono de reproche, estupor o extrañeza. No tienen respuesta fácil....

Hostigados e insultados por individuos con acreditación para entrar a las Cortes, los profesionales que desarrollan su trabajo allí llevan ya cuatro años expresando su malestar. Paradójicamente, y para su consternación, las víctimas —la inmensa mayoría de los periodistas— ven cómo ante parte de la opinión pública se convierten en verdugos y cómo tienen que oír que son ellas las que ponen en peligro la libertad de expresión. Nada más lejos de la realidad.

La petición de amparo a las asociaciones profesionales (APP, APM, FAPE) y los manifiestos de protesta han sido durante mucho tiempo la única opción que tenían a mano. Desde febrero, las autoridades del Congreso de los Diputados (y una mayoría de grupos parlamentarios) tomaron cartas en el asunto. Finalmente, el propósito de establecer “requisitos para garantizar el derecho a la información veraz y el buen funcionamiento de la Cámara”, así como la exigencia de respeto y cortesía dentro del Congreso,se reflejará próximamente en una reforma del Reglamento.

Por fin, habrá normas, tan demandadas por los periodistas y tan necesarias. Quien no conozca la realidad del día a día en el Congreso puede legítimamente desconfiar de cualquier norma restrictiva que afecte a la información, pero estas son claramente necesarias. Y lo son porque un grupo minúsculo, alejado de cualquier norma deontológica y sin el menor rasgo de periodismo (comprobable por el producto que vuelcan en sus vídeos) perturba e impide realizar el trabajo a los profesionales.

Elmodus operandide los perturbadores es sencillo y eficaz: con sus intervenciones broncas, y con simulacros de preguntas que incluyen juicios de valor de alto voltaje,no esperan una respuesta sino grabar la escena. A continuación, el político puede plantarles cara o marcharse. En todo caso, la rueda de prensa se vuelve imposible y los periodistas no pueden hacer su trabajo. Además, acompañan su acción con insultos a los periodistas del Congreso, coreados en las redes sociales por multitud de adeptos de extrema derecha. Según ellos, solo estos agitadores son periodistas en medio de una banda de “siervos del poder”. No les faltan seguidores —esa es una realidad inquietante— prestos a difundir las hazañas de ese supuesto periodismo “valiente”.

Está claro que las exigencias de respeto, decoro y el rechazo a conductas indeseables no pueden contradecir la libertad de expresión ni el derecho a la información y el de difundirla. Pero lo que ahora ocurre es que los periodistas ven limitada, boicoteada y hasta imposibilitada su obligación de obtener información y ofrecerla a la sociedad.

Las asociaciones han lamentado que una demanda tan sentida como la de que se permita trabajar a los profesionales con normalidad no haya tenido el respaldo de todos los grupos parlamentarios. El PSOE dio el primer paso y entabló conversaciones con todos los grupos. Una mayoría convino en la necesidad de reglas de convivencia. La decepción de los informadores llegó cuando se supo que el PP y VOX iban a oponerse a esta reforma. El rechazo se justifica porque, según ellos, se trata de una tropelía del Gobierno y sus socios para expulsar a quienes hacen preguntas “incómodas”. Esta conclusión, tan errada como injusta,es un duro golpe para los periodistas de medios de la más diversa línea editorial que desarrollan diariamente su tarea en las cámaras. También es ofensivo. Los periodistas parlamentarios cumplen con su obligación e incomodan a los políticos todos los días, sin necesidad de recurrir al acoso, la grosería o la mala educación. La reforma del Reglamento se producirá el próximo 22 de julio y, a partir de ahí, una resolución de la presidencia del Congreso establecerá el procedimiento para el cumplimiento de las normas.

Hace cinco meses todas las asociaciones profesionales suscribieron un manifiesto tras el boicot a una conferencia de prensa, otra más. “Los periodistas que trabajamos en el Congreso sufrimos descalificaciones, insultos y señalamientos por parte de personas acreditadas que trabajan junto a nosotros y no respetan unas elementales normas de convivencia. Incluso nos amenazan con dar a conocer nuestros domicilios”. Este es un pasaje del documento firmado y leído en una concentración de casi 90 periodistas el pasado 21 de febrero en la escalinata del Congreso, sin llamamiento previo: solo los que esa mañana estaban en la Cámara Baja, los muy habituales. Simplemente pedían que se les deje trabajar. Y hacer preguntas incómodas.

Anabel Díezes presidenta de la Asociación de Periodistas Parlamentarios y periodista de EL PAÍS."
Srebrenica: estábamos allí y no sirvió de nada,Srebrenica: we were there and it was useless,Eric Stobbaerts,Unknown Time,"Hace 30 años, el 11 de julio de 1995, comenzó la masacre de Srebrenica, uno de los episodios más atroces de la guerra de Bosnia y la peor matanza en suelo europeo desde la Segunda Guerra Mundial. En el transcurso de apenas unos días, más de 8.000 hombres y niños bosnios musulmanes fueron sistemáticamente ejecutados por las fuerzas serbobosnias bajo el mando del general Ratko Mladić y sus milicias. Srebrenica había sido declarada “zona segura” el 16 de abril de 1993 (Resolución 819) por el Consejo de Seguridad de Naciones Unidas. La ONU no impidió el avance serbobosnio ni protegió a la población civil. Las fuerzas de paz de la ONU, superadas en número, mal equipadas y sin estrategia,

""https://elpais.com/internacional/2022-06-18/paises-bajos-rehabilita-a-los-cascos-azules-que-no-lograron-evitar-el-genocidio-de-srebrenica.html"" target=""_self"" rel="""" title=""https://elpais.com/internacional/2022-06-18/paises-bajos-rehabilita-a-los-cascos-azules-que-no-lograron-evitar-el-genocidio-de-srebrenica.html"" data-link-track-dtm="""">no ofrecieron resistencia significativa.

La masacre fue calificada como genocidio por el Tribunal Penal Internacional para la exYugoslavia y confirmada por la Corte Internacional de Justicia, marcando un hito jurídico y moral en el derecho internacional. Este genocidio fue observado, subestimado y, en última instancia, tolerado por la comunidad internacional. Este crimen marcó un fiasco colectivo en la protección de poblaciones civiles y cuestionó la eficacia del sistema multilateral para prevenir atrocidades masivas, dejando cicatrices profundas en Bosnia y una lección amarga y vergonzosa para la comunidad internacional sobre las consecuencias de su inacción.

Srebrenica sigue siendo uno de los fracasos más dolorosos de la diplomacia mundial, de la presencia humanitaria y de mi propia experiencia. A día de hoy, persisten preguntas sobre el significado de ser testigo, alzar la voz y actuar —o no actuar— ante una atrocidad masiva.

Como actores humanitarios, llevábamos en Srebrenica desde 1993, prestando apoyo a clínicas, atendiendo a los heridos e intentando abastecer a un enclave azotado por el hambre. Pero cuando comenzaron las matanzas, solo pudimos proteger a parte del personal. Fuimos testigos, no escudos. Personas que prestaban ayuda, pero no elementos disuasorios.

La protección que parecía ofrecer la “zona segura” era una falsa promesa, respaldada por fuerzas de paz con recursos insuficientes, indecisión política y una presencia humanitaria impotente frente a la maquinaria asesina.

La comunidad internacional —la OTAN, la ONU y las potencias occidentales— solo intervino de forma decisiva tras la masacre, lo que refleja sus prioridades geopolíticas y el hecho de que consideraban Bosnia más un territorio que gestionar que una entidad soberana.

Los trabajadores humanitarios aprendieron, o deberían haber aprendido, duras verdades: ignorar las voces locales y ver los conflictos a través de una lente norte-occidental distorsiona la comprensión que podemos tener de los mismos y la capacidad de respuesta. Centrarse en el control y la estabilidad suele ir en detrimento de la justicia y la reconciliación. En este caso, el mero hecho de estar presentes no protegió a la población, sino que solo sirvió para presenciar la violencia. El silencio en nombre de la neutralidad supuso un riesgo de complicidad, difuminando la línea que separa la acción de la inacción moral. El humanitarismo nunca debe servir de excusa para la inacción internacional ni sustituir el valor político y la protección militar.

Más allá de esto, a menudo se pasa por alto una lección crucial: en crisis como la de Srebrenica —y la actual de Gaza— los esfuerzos humanitarios deben ir más allá de la ayuda de emergencia y apoyar soluciones no humanitarias al genocidio y los crímenes contra la humanidad. Lo que podría haber salvado vidas en Srebrenica no era otro convoy médico con suministros quirúrgicos, sino el valor de abrir corredores seguros para que las familias pudieran escapar a Bosnia central y reunirse. En Gaza, por el contrario, aunque la gente pueda intentar huir, la denegación del derecho al retorno, ya anunciado por Israel, niega a los palestinos la posibilidad de salir y volver después a sus hogares, lo que les deja atrapados en una situación desesperada e ineludible.

Los tribunales internacionales tardaron años en hacer justicia con algunos de los arquitectos del genocidio. El TPIY contribuyó a definir la jurisprudencia en materia de genocidioy las normas de rendición de cuentas. Karadžić, Mladić y Milosevic fueron capturados y juzgados. Pero los supervivientes tuvieron que esperar demasiado tiempo. Muchos de los responsables siguen en libertad. Y el genocidio sigue sin reconocerse en algunas partes de Bosnia y de toda la región.

Si bien no es competencia de los trabajadores humanitarios actuar como ejecutores de la justicia, sí que forma parte del reto humanitario: no impartir justicia directamente sino preservar la memoria, proporcionar datos, defender la verdad y garantizar que los supervivientes puedan tener un espacio donde expresarse.

Al conmemorar este 30 aniversario, nos persiguen crisis morales similares: en Gaza, Sudán, Tigray y Myanmar, los civiles son sistemáticamente atacados, privados de alimentos, desplazados y bombardeados, a menudo a la vista de todo el mundo. ¿Estamos preparados para hablar con claridad cuando vemos patrones de exterminio? ¿Cómo desafiamos la duplicidad de los gobiernos? ¿Podemos seguir pagando cualquier precio, aceptar condiciones inaceptables, con tal de lograr acceso a la población para prestar ayuda?

Homenajear a las víctimas de Srebrenica hoy debe ser algo más que un acto de duelo. Debe servir como memoria institucional para las organizaciones humanitarias. Si decimos “nunca más”, debemos actuar en consecuencia, sabiendo reconocer, 30 años después, los primeros indicios de atrocidades en otras crisis, resistiendo las presiones políticas que pretenden minimizarlas y exigiendo medidas, incluso cuando ello ponga en peligro nuestro acceso a la zona.

Porque el próximo Srebrenicano siempre vendrá precedido de sirenas de alarma. A menudo llega lentamente, y después se manifiesta en toda su crudeza de golpe: mientras el mundo debate sobre semántica, espera una verificación o, simplemente, decide mirar hacia otro lado.

Eric Stobbaertsfue coordinador general de MSF en la antigua Yugoslavia desde finales de 1993 hasta principios de 1995 y trabajó en Srebrenica."
,,Sonia Madrigal,Unknown Time,⚠️ Main content not found.
